<?xml version="1.0" encoding="UTF-8" ?>

<!DOCTYPE struts-config PUBLIC
          "-//Apache Software Foundation//DTD Struts Configuration 1.4//EN"
          "http://struts.apache.org/dtds/struts-config_1_4.dtd">

<!--

     NOTE:  You would only flesh out the details in the "form-bean"
     declarations if you had a generator tool that used them to create
     the corresponding Java classes for you.  Otherwise, you would
     need only the "form-bean" element itself, with the corresponding
     "name" and "type" attributes.
-->


<struts-config>


  <!-- ========== Form Bean Definitions =================================== -->

  <form-beans>

      <form-bean   name="acmeForm"
                   type="com.acme.AcmeForm"/>

  </form-beans>

  <!-- end admin events -->


  <!-- ========== Global Forward Definitions ============================== -->
  <global-forwards>

  </global-forwards>


  <!-- ========== Action Mapping Definitions ============================== -->
  <action-mappings>

     <action    path="/name"
                type="com.acme.AcmeAction"
                name="acmeForm"
                scope="session"
                input="/pages/name.jsp"
                parameter="submitName">

        <forward name="name"    
                 path="/pages/name.jsp"/>

        <forward name="address"    
                 path="/pages/address.jsp"/>


     </action>

     <action    path="/address"
                type="com.acme.AcmeAction"
                name="acmeForm"
                scope="session"
                input="/pages/address.jsp"
                parameter="submitName">

        <forward name="previous"    
                 path="/pages/name.jsp"/>

        <forward name="done"    
                 path="/pages/done.jsp"/>

     </action>


     <action    path="/cancel"
                type="com.acme.CancelAction">

        <forward name="cancel"    
                 path="/pages/cancel.jsp"/>

     </action>

  </action-mappings>


  <plug-in className="org.apache.struts.validator.ValidatorPlugIn">
    <set-property property="pathnames"
                     value="/WEB-INF/validator-rules.xml,
                            /WEB-INF/validation.xml"/>
  </plug-in>

</struts-config>